0, 232.26859427241405, Server_06, 2.5526430912103453, 1252.9968584656142, 0.0, 2
1, 236.2031612002491, Server_06, 3.0417973963282776, 1252.996858465609, 0.0, 3
2, 240.23441305955598, Server_06, 3.0417973963282776, 1222.9451723831642, 0.0, 3
3, 244.38756703893742, Server_06, 3.0417973963282776, 1187.0496553884711, 0.0, 3
4, 248.54072101831886, Server_06, 3.0417973963282776, 1187.0496553884711, 0.0, 3
5, 252.77069635837233, Server_06, 3.0417973963282776, 1165.491428122056, 0.0, 3
6, 257.03314386352696, Server_06, 3.0417973963282776, 1156.6124847374883, 0.0, 3
7, 261.2955913686816, Server_06, 3.0417973963282776, 1156.6124847374883, 0.0, 3
8, 265.5580388738362, Server_06, 3.0417973963282776, 1156.6124847374883, 0.0, 3
9, 269.82048637899084, Server_06, 3.0417973963282776, 1156.6124847374883, 0.0, 3
10, 274.08293388414546, Server_06, 3.0417973963282776, 1156.6124847374883, 0.0, 3
11, 278.3453813893001, Server_06, 3.0417973963282776, 1156.6124847374883, 0.0, 3
12, 282.6078288944547, Server_06, 3.0417973963282776, 1156.6124847374883, 0.0, 3
13, 286.87027639960934, Server_06, 3.0417973963282776, 1156.6124847374883, 0.0, 3
14, 291.13272390476396, Server_06, 3.0417973963282776, 1156.6124847374883, 0.0, 3
15, 295.3951714099186, Server_06, 3.0417973963282776, 1156.6124847374883, 0.0, 3
16, 299.6576189150732, Server_06, 3.0417973963282776, 1156.6124847374883, 0.0, 3
17, 303.92006642022784, Server_06, 3.0417973963282776, 1156.6124847374883, 0.0, 3
18, 308.18251392538247, Server_06, 3.0417973963282776, 1156.6124847374883, 0.0, 3
19, 312.4449614305371, Server_06, 3.0417973963282776, 1156.6124847374883, 0.0, 3
20, 316.7074089356917, Server_06, 3.0417973963282776, 1156.6124847374883, 0.0, 3
21, 323.40368802847524, Server_06, 3.531593941666367, 1156.6124847374808, 0.0, 4
22, 327.66613553362987, Server_06, 3.0417973963282776, 1156.6124847374883, 0.0, 3
23, 331.9285830387845, Server_06, 3.0417973963282776, 1156.6124847374883, 0.0, 3
24, 338.624862131568, Server_06, 3.531593941666367, 1156.6124847374808, 0.0, 4
25, 342.88730963672265, Server_06, 3.0417973963282776, 1156.6124847374883, 0.0, 3
26, 347.1497571418773, Server_06, 3.0417973963282776, 1156.6124847374883, 0.0, 3
27, 353.8460362346608, Server_06, 3.531593941666367, 1156.6124847374808, 0.0, 4
28, 358.1084837398154, Server_06, 3.0417973963282776, 1156.6124847374883, 0.0, 3
29, 362.37093124497005, Server_06, 3.0417973963282776, 1156.6124847374883, 0.0, 3
30, 366.6333787501247, Server_06, 3.0417973963282776, 1156.6124847374883, 0.0, 3
31, 373.3296578429082, Server_06, 3.531593941666367, 1156.6124847374808, 0.0, 4
32, 377.59210534806283, Server_06, 3.0417973963282776, 1156.6124847374883, 0.0, 3
33, 381.85455285321746, Server_06, 3.0417973963282776, 1156.6124847374883, 0.0, 3
34, 388.550831946001, Server_06, 3.531593941666367, 1156.6124847374808, 0.0, 4
35, 392.8132794511556, Server_06, 3.0417973963282776, 1156.6124847374883, 0.0, 3
36, 397.07572695631023, Server_06, 3.0417973963282776, 1156.6124847374883, 0.0, 3
37, 403.77200604909376, Server_06, 3.531593941666367, 1156.6124847374808, 0.0, 4
38, 408.0344535542484, Server_06, 3.0417973963282776, 1156.6124847374883, 0.0, 3
39, 412.296901059403, Server_06, 3.0417973963282776, 1156.6124847374883, 0.0, 3
40, 416.55934856455764, Server_06, 3.0417973963282776, 1156.6124847374883, 0.0, 3
41, 423.25562765734117, Server_06, 3.531593941666367, 1156.6124847374808, 0.0, 4
42, 427.5180751624958, Server_06, 3.0417973963282776, 1156.6124847374883, 0.0, 3
43, 431.7805226676504, Server_06, 3.0417973963282776, 1156.6124847374883, 0.0, 3
44, 438.47680176043394, Server_06, 3.531593941666367, 1156.6124847374808, 0.0, 4
45, 442.73924926558857, Server_06, 3.0417973963282776, 1156.6124847374883, 0.0, 3
46, 447.0016967707432, Server_06, 3.0417973963282776, 1156.6124847374883, 0.0, 3
47, 453.6979758635267, Server_06, 3.531593941666367, 1156.6124847374808, 0.0, 4
48, 457.96042336868135, Server_06, 3.0417973963282776, 1156.6124847374883, 0.0, 3
49, 462.222870873836, Server_06, 3.0417973963282776, 1156.6124847374883, 0.0, 3
50, 468.9191499666195, Server_06, 3.531593941666367, 1156.6124847374808, 0.0, 4
51, 473.1815974717741, Server_06, 3.0417973963282776, 1156.6124847374883, 0.0, 3
52, 477.44404497692875, Server_06, 3.0417973963282776, 1156.6124847374883, 0.0, 3
53, 481.7064924820834, Server_06, 3.0417973963282776, 1156.6124847374883, 0.0, 3
54, 488.4027715748669, Server_06, 3.531593941666367, 1156.6124847374808, 0.0, 4
55, 492.66521908002153, Server_06, 3.0417973963282776, 1156.6124847374883, 0.0, 3
56, 496.92766658517615, Server_06, 3.0417973963282776, 1156.6124847374883, 0.0, 3
57, 503.6239456779597, Server_06, 3.531593941666367, 1156.6124847374808, 0.0, 4
58, 507.8863931831143, Server_06, 3.0417973963282776, 1156.6124847374883, 0.0, 3
59, 512.1488406882689, Server_06, 3.0417973963282776, 1156.6124847374883, 0.0, 3
60, 518.9605557633147, Server_06, 3.531593941666367, 1137.0117385521996, 0.0, 4
61, 523.3322967942426, Server_06, 3.0417973963282776, 1127.69717261904, 0.0, 3
62, 527.7040378251704, Server_06, 3.0417973963282776, 1127.69717261904, 0.0, 3
63, 532.0757788560983, Server_06, 3.0417973963282776, 1127.69717261904, 0.0, 3
64, 538.9437574127993, Server_06, 3.531593941666367, 1127.6971726190498, 0.0, 4
65, 543.3154984437272, Server_06, 3.0417973963282776, 1127.69717261904, 0.0, 3
66, 547.687239474655, Server_06, 3.0417973963282776, 1127.69717261904, 0.0, 3
67, 552.0589805055829, Server_06, 3.0417973963282776, 1127.69717261904, 0.0, 3
68, 558.9269590622839, Server_06, 3.531593941666367, 1127.6971726190498, 0.0, 4
69, 563.2987000932118, Server_06, 3.0417973963282776, 1127.69717261904, 0.0, 3
70, 567.6704411241396, Server_06, 3.0417973963282776, 1127.69717261904, 0.0, 3
71, 572.0421821550675, Server_06, 3.0417973963282776, 1127.69717261904, 0.0, 3
72, 578.9101607117685, Server_06, 3.531593941666367, 1127.6971726190498, 0.0, 4
73, 583.2819017426964, Server_06, 3.0417973963282776, 1127.69717261904, 0.0, 3
74, 587.6536427736243, Server_06, 3.0417973963282776, 1127.69717261904, 0.0, 3
75, 592.0253838045521, Server_06, 3.0417973963282776, 1127.69717261904, 0.0, 3
76, 598.8933623612531, Server_06, 3.531593941666367, 1127.6971726190498, 0.0, 4
77, 603.265103392181, Server_06, 3.0417973963282776, 1127.69717261904, 0.0, 3
78, 607.6368444231089, Server_06, 3.0417973963282776, 1127.69717261904, 0.0, 3
79, 612.0085854540367, Server_06, 3.0417973963282776, 1127.69717261904, 0.0, 3
80, 618.8765640107378, Server_06, 3.531593941666367, 1127.6971726190498, 0.0, 4
81, 623.2483050416656, Server_06, 3.0417973963282776, 1127.69717261904, 0.0, 3
82, 627.6200460725935, Server_06, 3.0417973963282776, 1127.69717261904, 0.0, 3
83, 631.9917871035213, Server_06, 3.0417973963282776, 1127.69717261904, 0.0, 3
84, 638.8597656602224, Server_06, 3.531593941666367, 1127.6971726190498, 0.0, 4
85, 643.272777866644, Server_06, 3.0417973963282776, 1117.1507735297162, 0.0, 3
86, 647.753812423345, Server_06, 3.0417973963282776, 1100.1923635307742, 0.0, 3
87, 652.2348469800461, Server_06, 3.0417973963282776, 1100.1923635307742, 0.0, 3
88, 659.2745250006647, Server_06, 3.531593941666367, 1100.1923635307767, 0.0, 4
89, 663.7555595573657, Server_06, 3.0417973963282776, 1100.1923635307742, 0.0, 3
90, 668.2365941140667, Server_06, 3.0417973963282776, 1100.1923635307742, 0.0, 3
91, 672.7176286707678, Server_06, 3.0417973963282776, 1100.1923635307742, 0.0, 3
92, 677.1986632274688, Server_06, 3.0417973963282776, 1100.1923635307742, 0.0, 3
93, 684.2383412480874, Server_06, 3.531593941666367, 1100.1923635307767, 0.0, 4
94, 688.7193758047885, Server_06, 3.0417973963282776, 1100.1923635307742, 0.0, 3
95, 693.2004103614895, Server_06, 3.0417973963282776, 1100.1923635307742, 0.0, 3
96, 697.6814449181906, Server_06, 3.0417973963282776, 1100.1923635307742, 0.0, 3
97, 702.1624794748916, Server_06, 3.0417973963282776, 1100.1923635307742, 0.0, 3
98, 709.2021574955102, Server_06, 3.531593941666367, 1100.1923635307767, 0.0, 4
99, 713.6831920522112, Server_06, 3.0417973963282776, 1100.1923635307742, 0.0, 3
100, 718.1642266089123, Server_06, 3.0417973963282776, 1100.1923635307742, 0.0, 3
101, 722.6452611656133, Server_06, 3.0417973963282776, 1100.1923635307742, 0.0, 3
102, 727.1262957223144, Server_06, 3.0417973963282776, 1100.1923635307742, 0.0, 3
103, 734.3044540359958, Server_06, 3.531593941666367, 1078.9675654322264, 0.0, 4
104, 738.8947821184701, Server_06, 3.0417973963282776, 1073.9973072562352, 0.0, 3
105, 743.4851102009443, Server_06, 3.0417973963282776, 1073.9973072562352, 0.0, 3
106, 748.0754382834185, Server_06, 3.0417973963282776, 1073.9973072562352, 0.0, 3
107, 752.6657663658928, Server_06, 3.0417973963282776, 1073.9973072562352, 0.0, 3
108, 757.256094448367, Server_06, 3.0417973963282776, 1073.9973072562352, 0.0, 3
109, 764.4674719329031, Server_06, 3.531593941666367, 1073.997307256231, 0.0, 4
110, 769.0578000153773, Server_06, 3.0417973963282776, 1073.9973072562352, 0.0, 3
111, 773.6481280978516, Server_06, 3.0417973963282776, 1073.9973072562352, 0.0, 3
112, 778.2384561803258, Server_06, 3.0417973963282776, 1073.9973072562352, 0.0, 3
113, 782.8287842628, Server_06, 3.0417973963282776, 1073.9973072562352, 0.0, 3
114, 787.4191123452742, Server_06, 3.0417973963282776, 1073.9973072562352, 0.0, 3
115, 792.0094404277485, Server_06, 3.0417973963282776, 1073.9973072562352, 0.0, 3
116, 799.2208179122846, Server_06, 3.531593941666367, 1073.997307256231, 0.0, 4
117, 803.8111459947588, Server_06, 3.0417973963282776, 1073.9973072562352, 0.0, 3
118, 808.401474077233, Server_06, 3.0417973963282776, 1073.9973072562352, 0.0, 3
119, 812.9918021597073, Server_06, 3.0417973963282776, 1073.9973072562352, 0.0, 3
120, 817.5821302421815, Server_06, 3.0417973963282776, 1073.9973072562352, 0.0, 3
121, 822.1724583246557, Server_06, 3.0417973963282776, 1073.9973072562352, 0.0, 3
122, 829.3838358091919, Server_06, 3.531593941666367, 1073.997307256231, 0.0, 4
123, 833.9741638916661, Server_06, 3.0417973963282776, 1073.9973072562352, 0.0, 3
124, 838.5644919741403, Server_06, 3.0417973963282776, 1073.9973072562352, 0.0, 3
125, 843.1548200566145, Server_06, 3.0417973963282776, 1073.9973072562352, 0.0, 3
126, 847.7451481390888, Server_06, 3.0417973963282776, 1073.9973072562352, 0.0, 3
127, 852.335476221563, Server_06, 3.0417973963282776, 1073.9973072562352, 0.0, 3
128, 856.9258043040372, Server_06, 3.0417973963282776, 1073.9973072562352, 0.0, 3
129, 864.1371817885733, Server_06, 3.531593941666367, 1073.997307256231, 0.0, 4
130, 868.7275098710476, Server_06, 3.0417973963282776, 1073.9973072562352, 0.0, 3
131, 873.3178379535218, Server_06, 3.0417973963282776, 1073.9973072562352, 0.0, 3
132, 877.908166035996, Server_06, 3.0417973963282776, 1073.9973072562352, 0.0, 3
133, 882.5444466320065, Server_06, 3.0417973963282776, 1063.352378680937, 0.0, 3
134, 887.2440682402539, Server_06, 3.0417973963282776, 1049.0206256921397, 0.0, 3
135, 894.6271451887075, Server_06, 3.531593941666367, 1049.0206256921456, 0.0, 4
136, 899.3267667969549, Server_06, 3.0417973963282776, 1049.0206256921397, 0.0, 3
137, 904.0263884052023, Server_06, 3.0417973963282776, 1049.0206256921397, 0.0, 3
138, 908.7260100134497, Server_06, 3.0417973963282776, 1049.0206256921397, 0.0, 3
139, 913.4256316216971, Server_06, 3.0417973963282776, 1049.0206256921397, 0.0, 3
140, 918.1252532299445, Server_06, 3.0417973963282776, 1049.0206256921397, 0.0, 3
141, 922.8248748381919, Server_06, 3.0417973963282776, 1049.0206256921397, 0.0, 3
142, 927.5244964464393, Server_06, 3.0417973963282776, 1049.0206256921397, 0.0, 3
143, 932.2241180546868, Server_06, 3.0417973963282776, 1049.0206256921397, 0.0, 3
144, 939.6071950031403, Server_06, 3.531593941666367, 1049.0206256921456, 0.0, 4
145, 944.3965838326795, Server_06, 3.0417973963282776, 1029.3588963989573, 0.0, 3
146, 949.2054989667001, Server_06, 3.0417973963282776, 1025.179247835503, 0.0, 3
147, 954.0144141007207, Server_06, 3.0417973963282776, 1025.179247835503, 0.0, 3
148, 958.8233292347413, Server_06, 3.0417973963282776, 1025.179247835503, 0.0, 3
149, 963.6322443687619, Server_06, 3.0417973963282776, 1025.179247835503, 0.0, 3
150, 968.4411595027825, Server_06, 3.0417973963282776, 1025.179247835503, 0.0, 3
151, 973.2500746368031, Server_06, 3.0417973963282776, 1025.179247835503, 0.0, 3
152, 978.0589897708237, Server_06, 3.0417973963282776, 1025.179247835503, 0.0, 3
153, 982.8679049048443, Server_06, 3.0417973963282776, 1025.179247835503, 0.0, 3
154, 987.6768200388649, Server_06, 3.0417973963282776, 1025.179247835503, 0.0, 3
155, 992.4857351728855, Server_06, 3.0417973963282776, 1025.179247835503, 0.0, 3
156, 997.2946503069061, Server_06, 3.0417973963282776, 1025.179247835503, 0.0, 3
157, 1002.1035654409267, Server_06, 3.0417973963282776, 1025.179247835503, 0.0, 3
158, 1009.6583418532978, Server_06, 3.531593941666367, 1025.1792478355028, 0.0, 4
159, 1014.4672569873184, Server_06, 3.0417973963282776, 1025.179247835503, 0.0, 3
160, 1019.276172121339, Server_06, 3.0417973963282776, 1025.179247835503, 0.0, 3
161, 1024.0850872553597, Server_06, 3.0417973963282776, 1025.1792478354787, 0.0, 3
162, 1028.8940023893804, Server_06, 3.0417973963282776, 1025.1792478354787, 0.0, 3
163, 1033.702917523401, Server_06, 3.0417973963282776, 1025.1792478354787, 0.0, 3
164, 1038.5118326574218, Server_06, 3.0417973963282776, 1025.1792478354787, 0.0, 3
165, 1043.3207477914425, Server_06, 3.0417973963282776, 1025.1792478354787, 0.0, 3
166, 1048.1296629254632, Server_06, 3.0417973963282776, 1025.1792478354787, 0.0, 3
167, 1052.938578059484, Server_06, 3.0417973963282776, 1025.1792478354787, 0.0, 3
168, 1057.7474931935046, Server_06, 3.0417973963282776, 1025.1792478354787, 0.0, 3
169, 1062.5564083275253, Server_06, 3.0417973963282776, 1025.1792478354787, 0.0, 3
170, 1067.365323461546, Server_06, 3.0417973963282776, 1025.1792478354787, 0.0, 3
171, 1072.1742385955667, Server_06, 3.0417973963282776, 1025.1792478354787, 0.0, 3
172, 1079.729015007938, Server_06, 3.531593941666367, 1025.1792478354873, 0.0, 4
173, 1084.5379301419587, Server_06, 3.0417973963282776, 1025.1792478354787, 0.0, 3
174, 1089.3468452759794, Server_06, 3.0417973963282776, 1025.1792478354787, 0.0, 3
175, 1094.15576041, Server_06, 3.0417973963282776, 1025.1792478354787, 0.0, 3
176, 1098.9646755440208, Server_06, 3.0417973963282776, 1025.1792478354787, 0.0, 3
177, 1103.7735906780415, Server_06, 3.0417973963282776, 1025.1792478354787, 0.0, 3
178, 1108.5825058120622, Server_06, 3.0417973963282776, 1025.1792478354787, 0.0, 3
179, 1113.391420946083, Server_06, 3.0417973963282776, 1025.1792478354787, 0.0, 3
180, 1118.2003360801036, Server_06, 3.0417973963282776, 1025.1792478354787, 0.0, 3
181, 1123.0092512141243, Server_06, 3.0417973963282776, 1025.1792478354787, 0.0, 3
182, 1127.818166348145, Server_06, 3.0417973963282776, 1025.1792478354787, 0.0, 3
183, 1132.6270814821657, Server_06, 3.0417973963282776, 1025.1792478354787, 0.0, 3
184, 1137.599586127186, Server_06, 3.0417973963282776, 991.4520652961331, 0.0, 3
185, 1142.6270883127531, Server_06, 3.0417973963282776, 980.6062370600292, 0.0, 3
186, 1145.8291890962582, Server_06, 2.5526430912103453, 980.6062370600574, 0.0, 2
187, 1150.8566912818253, Server_06, 3.0417973963282776, 980.6062370600292, 0.0, 3
188, 1155.8841934673924, Server_06, 3.0417973963282776, 980.6062370600292, 0.0, 3
189, 1160.9116956529595, Server_06, 3.0417973963282776, 980.6062370600292, 0.0, 3
190, 1165.9391978385265, Server_06, 3.0417973963282776, 980.6062370600292, 0.0, 3
191, 1170.9667000240936, Server_06, 3.0417973963282776, 980.6062370600292, 0.0, 3
192, 1175.9942022096607, Server_06, 3.0417973963282776, 980.6062370600292, 0.0, 3
193, 1181.0217043952277, Server_06, 3.0417973963282776, 980.6062370600292, 0.0, 3
194, 1186.0492065807948, Server_06, 3.0417973963282776, 980.6062370600292, 0.0, 3
195, 1191.076708766362, Server_06, 3.0417973963282776, 980.6062370600292, 0.0, 3
196, 1196.104210951929, Server_06, 3.0417973963282776, 980.6062370600292, 0.0, 3
197, 1201.131713137496, Server_06, 3.0417973963282776, 980.6062370600292, 0.0, 3
198, 1206.159215323063, Server_06, 3.0417973963282776, 980.6062370600292, 0.0, 3
199, 1211.1867175086302, Server_06, 3.0417973963282776, 980.6062370600292, 0.0, 3
200, 1216.2142196941973, Server_06, 3.0417973963282776, 980.6062370600292, 0.0, 3
201, 1221.2417218797643, Server_06, 3.0417973963282776, 980.6062370600292, 0.0, 3
202, 1226.2692240653314, Server_06, 3.0417973963282776, 980.6062370600292, 0.0, 3
203, 1231.2967262508985, Server_06, 3.0417973963282776, 980.6062370600292, 0.0, 3
204, 1236.3242284364655, Server_06, 3.0417973963282776, 980.6062370600292, 0.0, 3
205, 1241.3517306220326, Server_06, 3.0417973963282776, 980.6062370600292, 0.0, 3
206, 1246.3792328075997, Server_06, 3.0417973963282776, 980.6062370600292, 0.0, 3
207, 1251.4067349931668, Server_06, 3.0417973963282776, 980.6062370600292, 0.0, 3
208, 1256.4342371787338, Server_06, 3.0417973963282776, 980.6062370600292, 0.0, 3
209, 1261.461739364301, Server_06, 3.0417973963282776, 980.6062370600292, 0.0, 3
210, 1266.489241549868, Server_06, 3.0417973963282776, 980.6062370600292, 0.0, 3
211, 1271.516743735435, Server_06, 3.0417973963282776, 980.6062370600292, 0.0, 3
212, 1276.5442459210021, Server_06, 3.0417973963282776, 980.6062370600292, 0.0, 3
213, 1281.5717481065692, Server_06, 3.0417973963282776, 980.6062370600292, 0.0, 3
214, 1286.5992502921363, Server_06, 3.0417973963282776, 980.6062370600292, 0.0, 3
215, 1291.6632321742356, Server_06, 3.0417973963282776, 973.542187705493, 0.0, 3
216, 1296.800027885576, Server_06, 3.0417973963282776, 959.7422745693931, 0.0, 3
217, 1301.9368235969162, Server_06, 3.0417973963282776, 959.7422745693931, 0.0, 3
218, 1307.0736193082564, Server_06, 3.0417973963282776, 959.7422745693931, 0.0, 3
219, 1312.2104150195967, Server_06, 3.0417973963282776, 959.7422745693931, 0.0, 3
220, 1317.347210730937, Server_06, 3.0417973963282776, 959.7422745693931, 0.0, 3
221, 1320.61892240104, Server_06, 2.5526430912103453, 959.7422745694121, 0.0, 2
222, 1325.7557181123802, Server_06, 3.0417973963282776, 959.7422745693931, 0.0, 3
223, 1330.8925138237205, Server_06, 3.0417973963282776, 959.7422745693931, 0.0, 3
224, 1336.0293095350607, Server_06, 3.0417973963282776, 959.7422745693931, 0.0, 3
225, 1341.166105246401, Server_06, 3.0417973963282776, 959.7422745693931, 0.0, 3
226, 1346.3029009577413, Server_06, 3.0417973963282776, 959.7422745693931, 0.0, 3
227, 1351.4396966690815, Server_06, 3.0417973963282776, 959.7422745693931, 0.0, 3
228, 1356.5764923804218, Server_06, 3.0417973963282776, 959.7422745693931, 0.0, 3
229, 1361.713288091762, Server_06, 3.0417973963282776, 959.7422745693931, 0.0, 3
230, 1366.8500838031023, Server_06, 3.0417973963282776, 959.7422745693931, 0.0, 3
231, 1371.9868795144425, Server_06, 3.0417973963282776, 959.7422745693931, 0.0, 3
232, 1377.1236752257828, Server_06, 3.0417973963282776, 959.7422745693931, 0.0, 3
233, 1382.260470937123, Server_06, 3.0417973963282776, 959.7422745693931, 0.0, 3
234, 1387.3972666484633, Server_06, 3.0417973963282776, 959.7422745693931, 0.0, 3
235, 1390.6689783185664, Server_06, 2.5526430912103453, 959.7422745694121, 0.0, 2
236, 1395.8057740299066, Server_06, 3.0417973963282776, 959.7422745693931, 0.0, 3
237, 1400.9425697412469, Server_06, 3.0417973963282776, 959.7422745693931, 0.0, 3
238, 1406.0793654525871, Server_06, 3.0417973963282776, 959.7422745693931, 0.0, 3
239, 1411.2161611639274, Server_06, 3.0417973963282776, 959.7422745693931, 0.0, 3
240, 1416.4564850582015, Server_06, 3.0417973963282776, 940.7815431765295, 0.0, 3
241, 1421.702574295315, Server_06, 3.0417973963282776, 939.7476438491999, 0.0, 3
242, 1426.9486635324283, Server_06, 3.0417973963282776, 939.7476438491999, 0.0, 3
243, 1432.1947527695418, Server_06, 3.0417973963282776, 939.7476438491999, 0.0, 3
244, 1437.4408420066552, Server_06, 3.0417973963282776, 939.7476438491999, 0.0, 3
245, 1440.7821645633562, Server_06, 2.5526430912103453, 939.7476438492106, 0.0, 2
246, 1446.0282538004697, Server_06, 3.0417973963282776, 939.7476438491999, 0.0, 3
247, 1451.274343037583, Server_06, 3.0417973963282776, 939.7476438491999, 0.0, 3
248, 1456.5204322746965, Server_06, 3.0417973963282776, 939.7476438491999, 0.0, 3
249, 1461.76652151181, Server_06, 3.0417973963282776, 939.7476438491999, 0.0, 3
250, 1467.0126107489234, Server_06, 3.0417973963282776, 939.7476438491999, 0.0, 3
251, 1472.2586999860368, Server_06, 3.0417973963282776, 939.7476438491999, 0.0, 3
252, 1477.5047892231503, Server_06, 3.0417973963282776, 939.7476438491999, 0.0, 3
253, 1480.8461117798513, Server_06, 2.5526430912103453, 939.7476438492106, 0.0, 2
254, 1486.0922010169647, Server_06, 3.0417973963282776, 939.7476438491999, 0.0, 3
255, 1491.3382902540782, Server_06, 3.0417973963282776, 939.7476438491999, 0.0, 3
256, 1496.5843794911916, Server_06, 3.0417973963282776, 939.7476438491999, 0.0, 3
257, 1501.830468728305, Server_06, 3.0417973963282776, 939.7476438491999, 0.0, 3
258, 1507.0765579654185, Server_06, 3.0417973963282776, 939.7476438491999, 0.0, 3
259, 1512.322647202532, Server_06, 3.0417973963282776, 939.7476438491999, 0.0, 3
260, 1515.663969759233, Server_06, 2.5526430912103453, 939.7476438492106, 0.0, 2
261, 1520.9100589963464, Server_06, 3.0417973963282776, 939.7476438491999, 0.0, 3
262, 1526.1561482334598, Server_06, 3.0417973963282776, 939.7476438491999, 0.0, 3
263, 1531.4022374705733, Server_06, 3.0417973963282776, 939.7476438491999, 0.0, 3
264, 1536.6483267076867, Server_06, 3.0417973963282776, 939.7476438491999, 0.0, 3
265, 1541.8944159448001, Server_06, 3.0417973963282776, 939.7476438491999, 0.0, 3
266, 1547.1405051819136, Server_06, 3.0417973963282776, 939.7476438491999, 0.0, 3
267, 1552.386594419027, Server_06, 3.0417973963282776, 939.7476438491999, 0.0, 3
268, 1555.727916975728, Server_06, 2.5526430912103453, 939.7476438492106, 0.0, 2
269, 1560.9740062128415, Server_06, 3.0417973963282776, 939.7476438491999, 0.0, 3
270, 1566.220095449955, Server_06, 3.0417973963282776, 939.7476438491999, 0.0, 3
271, 1571.4661846870683, Server_06, 3.0417973963282776, 939.7476438491999, 0.0, 3
272, 1576.7122739241818, Server_06, 3.0417973963282776, 939.7476438491999, 0.0, 3
273, 1581.9583631612952, Server_06, 3.0417973963282776, 939.7476438491999, 0.0, 3
274, 1587.2044523984086, Server_06, 3.0417973963282776, 939.7476438491999, 0.0, 3
275, 1592.450541635522, Server_06, 3.0417973963282776, 939.7476438491999, 0.0, 3
276, 1595.791864192223, Server_06, 2.5526430912103453, 939.7476438492106, 0.0, 2
277, 1601.0379534293365, Server_06, 3.0417973963282776, 939.7476438491999, 0.0, 3
278, 1606.28404266645, Server_06, 3.0417973963282776, 939.7476438491999, 0.0, 3
279, 1611.5301319035634, Server_06, 3.0417973963282776, 939.7476438491999, 0.0, 3
280, 1616.7762211406769, Server_06, 3.0417973963282776, 939.7476438491999, 0.0, 3
281, 1622.0223103777903, Server_06, 3.0417973963282776, 939.7476438491999, 0.0, 3
282, 1627.2683996149037, Server_06, 3.0417973963282776, 939.7476438491999, 0.0, 3
283, 1632.5144888520172, Server_06, 3.0417973963282776, 939.7476438491999, 0.0, 3
284, 1635.8558114087182, Server_06, 2.5526430912103453, 939.7476438492106, 0.0, 2
285, 1641.1019006458316, Server_06, 3.0417973963282776, 939.7476438491999, 0.0, 3
286, 1646.347989882945, Server_06, 3.0417973963282776, 939.7476438491999, 0.0, 3
287, 1651.5940791200585, Server_06, 3.0417973963282776, 939.7476438491999, 0.0, 3
288, 1656.840168357172, Server_06, 3.0417973963282776, 939.7476438491999, 0.0, 3
289, 1662.0862575942854, Server_06, 3.0417973963282776, 939.7476438491999, 0.0, 3
290, 1667.3323468313988, Server_06, 3.0417973963282776, 939.7476438491999, 0.0, 3
291, 1670.6736693880998, Server_06, 2.5526430912103453, 939.7476438492106, 0.0, 2
292, 1675.9197586252133, Server_06, 3.0417973963282776, 939.7476438491999, 0.0, 3
293, 1681.1658478623267, Server_06, 3.0417973963282776, 939.7476438491999, 0.0, 3
294, 1686.4119370994401, Server_06, 3.0417973963282776, 939.7476438491999, 0.0, 3
295, 1691.6580263365536, Server_06, 3.0417973963282776, 939.7476438491999, 0.0, 3
296, 1696.904115573667, Server_06, 3.0417973963282776, 939.7476438491999, 0.0, 3
297, 1702.1502048107805, Server_06, 3.0417973963282776, 939.7476438491999, 0.0, 3
298, 1707.396294047894, Server_06, 3.0417973963282776, 939.7476438491999, 0.0, 3
299, 1710.737616604595, Server_06, 2.5526430912103453, 939.7476438492106, 0.0, 2
300, 1715.9837058417083, Server_06, 3.0417973963282776, 939.7476438491999, 0.0, 3
301, 1721.2297950788218, Server_06, 3.0417973963282776, 939.7476438491999, 0.0, 3
302, 1726.4758843159352, Server_06, 3.0417973963282776, 939.7476438491999, 0.0, 3
303, 1731.7219735530487, Server_06, 3.0417973963282776, 939.7476438491999, 0.0, 3
304, 1736.968062790162, Server_06, 3.0417973963282776, 939.7476438491999, 0.0, 3
305, 1742.2141520272755, Server_06, 3.0417973963282776, 939.7476438491999, 0.0, 3
306, 1747.460241264389, Server_06, 3.0417973963282776, 939.7476438491999, 0.0, 3
307, 1750.80156382109, Server_06, 2.5526430912103453, 939.7476438492106, 0.0, 2
308, 1756.0476530582034, Server_06, 3.0417973963282776, 939.7476438491999, 0.0, 3
309, 1761.2937422953169, Server_06, 3.0417973963282776, 939.7476438491999, 0.0, 3
310, 1766.5398315324303, Server_06, 3.0417973963282776, 939.7476438491999, 0.0, 3
311, 1771.7859207695437, Server_06, 3.0417973963282776, 939.7476438491999, 0.0, 3
312, 1777.0320100066572, Server_06, 3.0417973963282776, 939.7476438491999, 0.0, 3
313, 1782.2780992437706, Server_06, 3.0417973963282776, 939.7476438491999, 0.0, 3
314, 1785.6194218004716, Server_06, 2.5526430912103453, 939.7476438492106, 0.0, 2
315, 1790.865511037585, Server_06, 3.0417973963282776, 939.7476438491999, 0.0, 3
316, 1796.2079602002168, Server_06, 3.0417973963282776, 922.7977375027447, 0.0, 3
317, 1801.5633429631034, Server_06, 3.0417973963282776, 920.5691205053412, 0.0, 3
318, 1806.91872572599, Server_06, 3.0417973963282776, 920.5691205053412, 0.0, 3
319, 1812.2741084888767, Server_06, 3.0417973963282776, 920.5691205053412, 0.0, 3
320, 1815.6850419321756, Server_06, 2.5526430912103453, 920.569120505344, 0.0, 2
321, 1821.0404246950623, Server_06, 3.0417973963282776, 920.5691205053412, 0.0, 3
322, 1826.3958074579489, Server_06, 3.0417973963282776, 920.5691205053412, 0.0, 3
323, 1831.7511902208355, Server_06, 3.0417973963282776, 920.5691205053412, 0.0, 3
324, 1837.1065729837221, Server_06, 3.0417973963282776, 920.5691205053412, 0.0, 3
325, 1842.4659607372344, Server_06, 3.0417973963282776, 919.8811929159556, 0.0, 3
326, 1845.9465050671313, Server_06, 2.5526430912103453, 902.1577380952324, 0.0, 2
327, 1851.411181355791, Server_06, 3.0417973963282776, 902.1577380952366, 0.0, 3
328, 1856.875857644451, Server_06, 3.0417973963282776, 902.1577380952366, 0.0, 3
329, 1862.3405339331107, Server_06, 3.0417973963282776, 902.1577380952366, 0.0, 3
330, 1865.8210782630076, Server_06, 2.5526430912103453, 902.1577380952324, 0.0, 2
331, 1871.2857545516674, Server_06, 3.0417973963282776, 902.1577380952366, 0.0, 3
332, 1876.7504308403272, Server_06, 3.0417973963282776, 902.1577380952366, 0.0, 3
333, 1882.215107128987, Server_06, 3.0417973963282776, 902.1577380952366, 0.0, 3
334, 1887.6797834176468, Server_06, 3.0417973963282776, 902.1577380952366, 0.0, 3
335, 1891.1603277475438, Server_06, 2.5526430912103453, 902.1577380952324, 0.0, 2
336, 1896.6250040362036, Server_06, 3.0417973963282776, 902.1577380952366, 0.0, 3
337, 1902.0896803248634, Server_06, 3.0417973963282776, 902.1577380952366, 0.0, 3
338, 1907.5543566135232, Server_06, 3.0417973963282776, 902.1577380952366, 0.0, 3
339, 1911.03490094342, Server_06, 2.5526430912103453, 902.1577380952324, 0.0, 2
340, 1916.49957723208, Server_06, 3.0417973963282776, 902.1577380952366, 0.0, 3
341, 1921.9642535207397, Server_06, 3.0417973963282776, 902.1577380952366, 0.0, 3
342, 1927.4289298093995, Server_06, 3.0417973963282776, 902.1577380952366, 0.0, 3
343, 1930.9094741392964, Server_06, 2.5526430912103453, 902.1577380952324, 0.0, 2
344, 1936.3741504279562, Server_06, 3.0417973963282776, 902.1577380952366, 0.0, 3
345, 1941.838826716616, Server_06, 3.0417973963282776, 902.1577380952366, 0.0, 3
346, 1947.3035030052758, Server_06, 3.0417973963282776, 902.1577380952366, 0.0, 3
347, 1950.7840473351728, Server_06, 2.5526430912103453, 902.1577380952324, 0.0, 2
348, 1956.2487236238326, Server_06, 3.0417973963282776, 902.1577380952366, 0.0, 3
349, 1961.7133999124924, Server_06, 3.0417973963282776, 902.1577380952366, 0.0, 3
350, 1967.1780762011522, Server_06, 3.0417973963282776, 902.1577380952366, 0.0, 3
351, 1972.642752489812, Server_06, 3.0417973963282776, 902.1577380952366, 0.0, 3
352, 1976.123296819709, Server_06, 2.5526430912103453, 902.1577380952324, 0.0, 2
353, 1981.5879731083687, Server_06, 3.0417973963282776, 902.1577380952366, 0.0, 3
354, 1987.0526493970285, Server_06, 3.0417973963282776, 902.1577380952366, 0.0, 3
355, 1992.5173256856883, Server_06, 3.0417973963282776, 902.1577380952366, 0.0, 3
356, 1995.9978700155852, Server_06, 2.5526430912103453, 902.1577380952324, 0.0, 2
357, 2001.462546304245, Server_06, 3.0417973963282776, 902.1577380952366, 0.0, 3
358, 2006.9272225929049, Server_06, 3.0417973963282776, 902.1577380952366, 0.0, 3
359, 2012.3918988815647, Server_06, 3.0417973963282776, 902.1577380952366, 0.0, 3
360, 2015.8724432114616, Server_06, 2.5526430912103453, 902.1577380952324, 0.0, 2
361, 2021.3371195001214, Server_06, 3.0417973963282776, 902.1577380952366, 0.0, 3
362, 2026.8017957887812, Server_06, 3.0417973963282776, 902.1577380952366, 0.0, 3
363, 2032.266472077441, Server_06, 3.0417973963282776, 902.1577380952366, 0.0, 3
364, 2037.7311483661008, Server_06, 3.0417973963282776, 902.1577380952366, 0.0, 3
365, 2041.2116926959977, Server_06, 2.5526430912103453, 902.1577380952324, 0.0, 2
366, 2046.6763689846575, Server_06, 3.0417973963282776, 902.1577380952366, 0.0, 3
367, 2052.141045273317, Server_06, 3.0417973963282776, 902.1577380952742, 0.0, 3
368, 2057.6057215619767, Server_06, 3.0417973963282776, 902.1577380952742, 0.0, 3
369, 2061.0862658918736, Server_06, 2.5526430912103453, 902.1577380952324, 0.0, 2
370, 2066.550942180533, Server_06, 3.0417973963282776, 902.1577380952742, 0.0, 3
371, 2072.0156184691928, Server_06, 3.0417973963282776, 902.1577380952742, 0.0, 3
372, 2077.4802947578523, Server_06, 3.0417973963282776, 902.1577380952742, 0.0, 3
373, 2080.9608390877493, Server_06, 2.5526430912103453, 902.1577380952324, 0.0, 2
374, 2086.425515376409, Server_06, 3.0417973963282776, 902.1577380952742, 0.0, 3
375, 2091.8901916650684, Server_06, 3.0417973963282776, 902.1577380952742, 0.0, 3
376, 2097.354867953728, Server_06, 3.0417973963282776, 902.1577380952742, 0.0, 3
377, 2100.835412283625, Server_06, 2.5526430912103453, 902.1577380952324, 0.0, 2
378, 2106.3000885722845, Server_06, 3.0417973963282776, 902.1577380952742, 0.0, 3
379, 2111.764764860944, Server_06, 3.0417973963282776, 902.1577380952742, 0.0, 3
380, 2117.2294411496036, Server_06, 3.0417973963282776, 902.1577380952742, 0.0, 3
381, 2122.694117438263, Server_06, 3.0417973963282776, 902.1577380952742, 0.0, 3
382, 2126.17466176816, Server_06, 2.5526430912103453, 902.1577380952324, 0.0, 2
383, 2131.6393380568197, Server_06, 3.0417973963282776, 902.1577380952742, 0.0, 3
384, 2137.1040143454793, Server_06, 3.0417973963282776, 902.1577380952742, 0.0, 3
385, 2142.568690634139, Server_06, 3.0417973963282776, 902.1577380952742, 0.0, 3
386, 2146.049234964036, Server_06, 2.5526430912103453, 902.1577380952324, 0.0, 2
387, 2151.5139112526954, Server_06, 3.0417973963282776, 902.1577380952742, 0.0, 3
388, 2156.978587541355, Server_06, 3.0417973963282776, 902.1577380952742, 0.0, 3
389, 2162.4432638300145, Server_06, 3.0417973963282776, 902.1577380952742, 0.0, 3
390, 2165.9238081599115, Server_06, 2.5526430912103453, 902.1577380952324, 0.0, 2
391, 2171.388484448571, Server_06, 3.0417973963282776, 902.1577380952742, 0.0, 3
392, 2176.8585163866546, Server_06, 3.0417973963282776, 901.2744451593107, 0.0, 3
393, 2182.4324862010876, Server_06, 3.0417973963282776, 884.4683706816068, 0.0, 3
394, 2185.9826414175823, Server_06, 2.5526430912103453, 884.4683706816525, 0.0, 2
395, 2191.5566112320153, Server_06, 3.0417973963282776, 884.4683706816068, 0.0, 3
396, 2197.1305810464482, Server_06, 3.0417973963282776, 884.4683706816068, 0.0, 3
397, 2202.704550860881, Server_06, 3.0417973963282776, 884.4683706816068, 0.0, 3
398, 2206.254706077376, Server_06, 2.5526430912103453, 884.4683706816525, 0.0, 2
399, 2211.828675891809, Server_06, 3.0417973963282776, 884.4683706816068, 0.0, 3
400, 2217.402645706242, Server_06, 3.0417973963282776, 884.4683706816068, 0.0, 3
401, 2220.9528009227365, Server_06, 2.5526430912103453, 884.4683706816525, 0.0, 2
402, 2226.5267707371695, Server_06, 3.0417973963282776, 884.4683706816068, 0.0, 3
403, 2232.1007405516025, Server_06, 3.0417973963282776, 884.4683706816068, 0.0, 3
404, 2237.6747103660355, Server_06, 3.0417973963282776, 884.4683706816068, 0.0, 3
405, 2241.22486558253, Server_06, 2.5526430912103453, 884.4683706816525, 0.0, 2
406, 2246.798835396963, Server_06, 3.0417973963282776, 884.4683706816068, 0.0, 3
407, 2252.372805211396, Server_06, 3.0417973963282776, 884.4683706816068, 0.0, 3
408, 2255.9229604278908, Server_06, 2.5526430912103453, 884.4683706816525, 0.0, 2
409, 2261.4969302423237, Server_06, 3.0417973963282776, 884.4683706816068, 0.0, 3
410, 2267.0709000567567, Server_06, 3.0417973963282776, 884.4683706816068, 0.0, 3
411, 2272.6448698711897, Server_06, 3.0417973963282776, 884.4683706816068, 0.0, 3
412, 2276.1950250876844, Server_06, 2.5526430912103453, 884.4683706816525, 0.0, 2
413, 2281.7689949021174, Server_06, 3.0417973963282776, 884.4683706816068, 0.0, 3
414, 2287.3429647165503, Server_06, 3.0417973963282776, 884.4683706816068, 0.0, 3
415, 2290.893119933045, Server_06, 2.5526430912103453, 884.4683706816525, 0.0, 2
416, 2296.467089747478, Server_06, 3.0417973963282776, 884.4683706816068, 0.0, 3
417, 2302.041059561911, Server_06, 3.0417973963282776, 884.4683706816068, 0.0, 3
418, 2307.615029376344, Server_06, 3.0417973963282776, 884.4683706816068, 0.0, 3
419, 2311.1651845928386, Server_06, 2.5526430912103453, 884.4683706816525, 0.0, 2
420, 2316.7391544072716, Server_06, 3.0417973963282776, 884.4683706816068, 0.0, 3
421, 2322.3131242217046, Server_06, 3.0417973963282776, 884.4683706816068, 0.0, 3
422, 2325.8632794381992, Server_06, 2.5526430912103453, 884.4683706816525, 0.0, 2
423, 2331.4372492526322, Server_06, 3.0417973963282776, 884.4683706816068, 0.0, 3
424, 2337.0112141323466, Server_06, 3.0417973963282776, 884.4691537153412, 0.0, 3
425, 2342.671101898821, Server_06, 3.0417973963282776, 871.0420070875598, 0.0, 3
426, 2346.2908680019136, Server_06, 2.5526430912103453, 867.4593635530993, 0.0, 2
427, 2351.97413134212, Server_06, 3.0417973963282776, 867.4593635530816, 0.0, 3
428, 2357.6573946823264, Server_06, 3.0417973963282776, 867.4593635530816, 0.0, 3
429, 2361.2771607854193, Server_06, 2.5526430912103453, 867.4593635530993, 0.0, 2
430, 2366.9604241256257, Server_06, 3.0417973963282776, 867.4593635530816, 0.0, 3
431, 2372.643687465832, Server_06, 3.0417973963282776, 867.4593635530816, 0.0, 3
432, 2376.263453568925, Server_06, 2.5526430912103453, 867.4593635530993, 0.0, 2
433, 2381.9467169091313, Server_06, 3.0417973963282776, 867.4593635530816, 0.0, 3
434, 2387.6299802493377, Server_06, 3.0417973963282776, 867.4593635530816, 0.0, 3
435, 2391.2497463524305, Server_06, 2.5526430912103453, 867.4593635530993, 0.0, 2
436, 2396.933009692637, Server_06, 3.0417973963282776, 867.4593635530816, 0.0, 3
437, 2402.6162730328433, Server_06, 3.0417973963282776, 867.4593635530816, 0.0, 3
438, 2406.236039135936, Server_06, 2.5526430912103453, 867.4593635530993, 0.0, 2
439, 2411.9193024761425, Server_06, 3.0417973963282776, 867.4593635530816, 0.0, 3
440, 2417.602565816349, Server_06, 3.0417973963282776, 867.4593635530816, 0.0, 3
441, 2421.222331919442, Server_06, 2.5526430912103453, 867.4593635530993, 0.0, 2
442, 2426.905595259648, Server_06, 3.0417973963282776, 867.4593635530816, 0.0, 3
443, 2432.5888585998546, Server_06, 3.0417973963282776, 867.4593635530816, 0.0, 3
444, 2436.2086247029474, Server_06, 2.5526430912103453, 867.4593635530993, 0.0, 2
445, 2441.891888043154, Server_06, 3.0417973963282776, 867.4593635530816, 0.0, 3
446, 2447.642835482545, Server_06, 3.0417973963282776, 857.2500534837228, 0.0, 3
447, 2451.3322124722354, Server_06, 2.5526430912103453, 851.092205750259, 0.0, 2
448, 2457.1742139137464, Server_06, 3.0417973963282776, 843.888870853288, 0.0, 3
449, 2463.076064305499, Server_06, 3.0417973963282776, 835.3312389770465, 0.0, 3
450, 2466.835052181788, Server_06, 2.5526430912103453, 835.3312389770508, 0.0, 2
451, 2472.7369025735406, Server_06, 3.0417973963282776, 835.3312389770465, 0.0, 3
452, 2476.4958904498294, Server_06, 2.5526430912103453, 835.3312389770508, 0.0, 2
453, 2482.397740841582, Server_06, 3.0417973963282776, 835.3312389770465, 0.0, 3
454, 2486.156728717871, Server_06, 2.5526430912103453, 835.3312389770508, 0.0, 2
455, 2492.0585791096237, Server_06, 3.0417973963282776, 835.3312389770465, 0.0, 3
456, 2497.9604295013764, Server_06, 3.0417973963282776, 835.3312389770465, 0.0, 3
457, 2501.719417377665, Server_06, 2.5526430912103453, 835.3312389770508, 0.0, 2
458, 2507.7037416623525, Server_06, 3.0417973963282776, 823.8189919979568, 0.0, 3
459, 2511.532340425239, Server_06, 2.5526430912103453, 820.1433982684223, 0.0, 2
460, 2517.5434843427647, Server_06, 3.0417973963282776, 820.1433982684063, 0.0, 3
461, 2521.372083105651, Server_06, 2.5526430912103453, 820.1433982684223, 0.0, 2
462, 2527.383227023177, Server_06, 3.0417973963282776, 820.1433982684063, 0.0, 3
463, 2531.2118257860634, Server_06, 2.5526430912103453, 820.1433982684223, 0.0, 2
464, 2537.222969703589, Server_06, 3.0417973963282776, 820.1433982684063, 0.0, 3
465, 2543.234113621115, Server_06, 3.0417973963282776, 820.1433982684063, 0.0, 3
466, 2547.0627123840013, Server_06, 2.5526430912103453, 820.1433982684223, 0.0, 2
467, 2553.073856301527, Server_06, 3.0417973963282776, 820.1433982684063, 0.0, 3
468, 2556.9024550644135, Server_06, 2.5526430912103453, 820.1433982684223, 0.0, 2
469, 2562.9135989819392, Server_06, 3.0417973963282776, 820.1433982684063, 0.0, 3
470, 2566.7421977448257, Server_06, 2.5526430912103453, 820.1433982684223, 0.0, 2
471, 2572.7533416623514, Server_06, 3.0417973963282776, 820.1433982684063, 0.0, 3
472, 2576.581940425238, Server_06, 2.5526430912103453, 820.1433982684223, 0.0, 2
473, 2582.5930843427636, Server_06, 3.0417973963282776, 820.1433982684063, 0.0, 3
474, 2586.42168310565, Server_06, 2.5526430912103453, 820.1433982684223, 0.0, 2
475, 2592.432827023176, Server_06, 3.0417973963282776, 820.1433982684063, 0.0, 3
476, 2596.2614257860623, Server_06, 2.5526430912103453, 820.1433982684223, 0.0, 2
477, 2602.272569703588, Server_06, 3.0417973963282776, 820.1433982684063, 0.0, 3
478, 2606.1011684664745, Server_06, 2.5526430912103453, 820.1433982684223, 0.0, 2
479, 2612.1123123840002, Server_06, 3.0417973963282776, 820.1433982684063, 0.0, 3
480, 2618.123456301526, Server_06, 3.0417973963282776, 820.1433982684063, 0.0, 3
481, 2621.9520550644124, Server_06, 2.5526430912103453, 820.1433982684223, 0.0, 2
482, 2627.963198981938, Server_06, 3.0417973963282776, 820.1433982684063, 0.0, 3
483, 2631.8086505785127, Server_06, 2.5526430912103453, 816.5490895261948, 0.0, 2
484, 2637.929088021812, Server_06, 3.0417973963282776, 805.4979804421564, 0.0, 3
485, 2641.8272976712965, Server_06, 2.5526430912103453, 805.4979804421491, 0.0, 2
486, 2647.9477351145956, Server_06, 3.0417973963282776, 805.4979804421564, 0.0, 3
487, 2651.8459447640803, Server_06, 2.5526430912103453, 805.4979804421491, 0.0, 2
488, 2657.9663822073794, Server_06, 3.0417973963282776, 805.4979804421564, 0.0, 3
489, 2661.864591856864, Server_06, 2.5526430912103453, 805.4979804421491, 0.0, 2
490, 2667.985029300163, Server_06, 3.0417973963282776, 805.4979804421564, 0.0, 3
491, 2671.883238949648, Server_06, 2.5526430912103453, 805.4979804421491, 0.0, 2
492, 2678.003676392947, Server_06, 3.0417973963282776, 805.4979804421564, 0.0, 3
493, 2681.9018860424317, Server_06, 2.5526430912103453, 805.4979804421491, 0.0, 2
494, 2688.022323485731, Server_06, 3.0417973963282776, 805.4979804421564, 0.0, 3
495, 2691.9205331352155, Server_06, 2.5526430912103453, 805.4979804421491, 0.0, 2
496, 2698.0409705785146, Server_06, 3.0417973963282776, 805.4979804421564, 0.0, 3
497, 2701.9391802279993, Server_06, 2.5526430912103453, 805.4979804421491, 0.0, 2
498, 2708.0596176712984, Server_06, 3.0417973963282776, 805.4979804421564, 0.0, 3
499, 2711.957827320783, Server_06, 2.5526430912103453, 805.4979804421491, 0.0, 2
500, 2718.078264764082, Server_06, 3.0417973963282776, 805.4979804421564, 0.0, 3
501, 2721.976474413567, Server_06, 2.5526430912103453, 805.4979804421491, 0.0, 2
502, 2728.096911856866, Server_06, 3.0417973963282776, 805.4979804421564, 0.0, 3
503, 2731.9951215063506, Server_06, 2.5526430912103453, 805.4979804421491, 0.0, 2
504, 2738.1155589496498, Server_06, 3.0417973963282776, 805.4979804421564, 0.0, 3
505, 2742.0137685991344, Server_06, 2.5526430912103453, 805.4979804421491, 0.0, 2
506, 2748.1342060424336, Server_06, 3.0417973963282776, 805.4979804421564, 0.0, 3
507, 2752.0324156919182, Server_06, 2.5526430912103453, 805.4979804421491, 0.0, 2
508, 2758.1528531352174, Server_06, 3.0417973963282776, 805.4979804421564, 0.0, 3
509, 2762.051062784702, Server_06, 2.5526430912103453, 805.4979804421491, 0.0, 2
510, 2768.171500228001, Server_06, 3.0417973963282776, 805.4979804421564, 0.0, 3
511, 2772.069709877486, Server_06, 2.5526430912103453, 805.4979804421491, 0.0, 2
512, 2778.190147320785, Server_06, 3.0417973963282776, 805.4979804421564, 0.0, 3
513, 2782.0883569702696, Server_06, 2.5526430912103453, 805.4979804421491, 0.0, 2
514, 2788.2087944135687, Server_06, 3.0417973963282776, 805.4979804421564, 0.0, 3
515, 2792.1070040630534, Server_06, 2.5526430912103453, 805.4979804421491, 0.0, 2
516, 2798.241179069121, Server_06, 3.0417973963282776, 803.6940574932541, 0.0, 3
517, 2802.208999605203, Server_06, 2.5526430912103453, 791.3664369256624, 0.0, 2
518, 2808.4387305742753, Server_06, 3.0417973963282776, 791.3664369256583, 0.0, 3
519, 2812.4065511103577, Server_06, 2.5526430912103453, 791.3664369256624, 0.0, 2
520, 2816.37437164644, Server_06, 2.5526430912103453, 791.3664369256624, 0.0, 2
521, 2822.604102615512, Server_06, 3.0417973963282776, 791.3664369256583, 0.0, 3
522, 2826.5719231515945, Server_06, 2.5526430912103453, 791.3664369256624, 0.0, 2
523, 2832.8016541206666, Server_06, 3.0417973963282776, 791.3664369256583, 0.0, 3
524, 2836.769474656749, Server_06, 2.5526430912103453, 791.3664369256624, 0.0, 2
525, 2842.999205625821, Server_06, 3.0417973963282776, 791.3664369256583, 0.0, 3
526, 2846.9670261619035, Server_06, 2.5526430912103453, 791.3664369256624, 0.0, 2
527, 2853.1967571309756, Server_06, 3.0417973963282776, 791.3664369256583, 0.0, 3
528, 2857.164577667058, Server_06, 2.5526430912103453, 791.3664369256624, 0.0, 2
529, 2863.39430863613, Server_06, 3.0417973963282776, 791.3664369256583, 0.0, 3
530, 2867.3621291722125, Server_06, 2.5526430912103453, 791.3664369256624, 0.0, 2
531, 2871.329949708295, Server_06, 2.5526430912103453, 791.3664369256624, 0.0, 2
532, 2877.559680677367, Server_06, 3.0417973963282776, 791.3664369256583, 0.0, 3
533, 2881.5275012134493, Server_06, 2.5526430912103453, 791.3664369256624, 0.0, 2
534, 2887.7572321825214, Server_06, 3.0417973963282776, 791.3664369256583, 0.0, 3
535, 2891.725052718604, Server_06, 2.5526430912103453, 791.3664369256624, 0.0, 2
536, 2897.954783687676, Server_06, 3.0417973963282776, 791.3664369256583, 0.0, 3
537, 2901.9226042237583, Server_06, 2.5526430912103453, 791.3664369256624, 0.0, 2
538, 2908.1523351928304, Server_06, 3.0417973963282776, 791.3664369256583, 0.0, 3
539, 2912.120155728913, Server_06, 2.5526430912103453, 791.3664369256624, 0.0, 2
540, 2918.349886697985, Server_06, 3.0417973963282776, 791.3664369256583, 0.0, 3
541, 2922.3177072340673, Server_06, 2.5526430912103453, 791.3664369256624, 0.0, 2
542, 2926.2855277701497, Server_06, 2.5526430912103453, 791.3664369256624, 0.0, 2
543, 2932.5152587392217, Server_06, 3.0417973963282776, 791.3664369256583, 0.0, 3
544, 2936.483079275304, Server_06, 2.5526430912103453, 791.3664369256624, 0.0, 2
545, 2942.712810244376, Server_06, 3.0417973963282776, 791.3664369256583, 0.0, 3
546, 2946.6806307804586, Server_06, 2.5526430912103453, 791.3664369256624, 0.0, 2
547, 2952.9103617495307, Server_06, 3.0417973963282776, 791.3664369256583, 0.0, 3
548, 2956.878182285613, Server_06, 2.5526430912103453, 791.3664369256624, 0.0, 2
549, 2963.107913254685, Server_06, 3.0417973963282776, 791.3664369256583, 0.0, 3
550, 2967.0757337907676, Server_06, 2.5526430912103453, 791.3664369256624, 0.0, 2
551, 2973.3054647598397, Server_06, 3.0417973963282776, 791.3664369256583, 0.0, 3
552, 2977.273285295922, Server_06, 2.5526430912103453, 791.3664369256624, 0.0, 2
553, 2981.2411058320045, Server_06, 2.5526430912103453, 791.3664369256624, 0.0, 2
554, 2987.4708368010765, Server_06, 3.0417973963282776, 791.3664369256583, 0.0, 3
555, 2991.438657337159, Server_06, 2.5526430912103453, 791.3664369256624, 0.0, 2
556, 2997.668388306231, Server_06, 3.0417973963282776, 791.3664369256583, 0.0, 3
557, 3001.6362088423134, Server_06, 2.5526430912103453, 791.3664369256624, 0.0, 2
558, 3007.8659398113855, Server_06, 3.0417973963282776, 791.3664369256583, 0.0, 3
559, 3011.833760347468, Server_06, 2.5526430912103453, 791.3664369256624, 0.0, 2
560, 3018.06349131654, Server_06, 3.0417973963282776, 791.3664369256583, 0.0, 3
561, 3022.0313118526224, Server_06, 2.5526430912103453, 791.3664369256624, 0.0, 2
562, 3028.2610428216944, Server_06, 3.0417973963282776, 791.3664369256583, 0.0, 3
563, 3032.228863357777, Server_06, 2.5526430912103453, 791.3664369256624, 0.0, 2
564, 3038.458594326849, Server_06, 3.0417973963282776, 791.3664369256583, 0.0, 3
565, 3042.4264148629313, Server_06, 2.5526430912103453, 791.3664369256624, 0.0, 2
566, 3046.3942353990137, Server_06, 2.5526430912103453, 791.3664369256624, 0.0, 2
567, 3052.623966368086, Server_06, 3.0417973963282776, 791.3664369256583, 0.0, 3
568, 3056.591786904168, Server_06, 2.5526430912103453, 791.3664369256624, 0.0, 2
569, 3062.8215178732403, Server_06, 3.0417973963282776, 791.3664369256583, 0.0, 3
570, 3066.7893384093227, Server_06, 2.5526430912103453, 791.3664369256624, 0.0, 2
571, 3073.0190693783948, Server_06, 3.0417973963282776, 791.3664369256583, 0.0, 3
572, 3076.986889914477, Server_06, 2.5526430912103453, 791.3664369256624, 0.0, 2
573, 3083.2166208835492, Server_06, 3.0417973963282776, 791.3664369256583, 0.0, 3
574, 3087.1844414196316, Server_06, 2.5526430912103453, 791.3664369256624, 0.0, 2
575, 3093.4141723887037, Server_06, 3.0417973963282776, 791.3664369256583, 0.0, 3
576, 3097.381992924786, Server_06, 2.5526430912103453, 791.3664369256624, 0.0, 2
577, 3101.3498134608685, Server_06, 2.5526430912103453, 791.3664369256624, 0.0, 2
578, 3107.5795444299406, Server_06, 3.0417973963282776, 791.3664369256583, 0.0, 3
579, 3111.6477900636414, Server_06, 2.5526430912103453, 771.8314680875319, 0.0, 2
580, 3118.09610808426, Server_06, 3.0417973963282776, 764.5404560129269, 0.0, 3
581, 3122.203150393538, Server_06, 2.5526430912103453, 764.5404560129206, 0.0, 2
582, 3128.6514684141566, Server_06, 3.0417973963282776, 764.5404560129269, 0.0, 3
583, 3132.758510723435, Server_06, 2.5526430912103453, 764.5404560129206, 0.0, 2
584, 3136.8655530327133, Server_06, 2.5526430912103453, 764.5404560129206, 0.0, 2
585, 3143.3138710533317, Server_06, 3.0417973963282776, 764.5404560129269, 0.0, 3
586, 3147.42091336261, Server_06, 2.5526430912103453, 764.5404560129206, 0.0, 2
587, 3151.579144559412, Server_06, 2.5526430912103453, 755.1287678316316, 0.0, 2
588, 3158.1367561058037, Server_06, 3.0417973963282776, 751.7981150793535, 0.0, 3
589, 3162.31340930168, Server_06, 2.5526430912103453, 751.7981150793275, 0.0, 2
590, 3166.4900624975567, Server_06, 2.5526430912103453, 751.7981150793275, 0.0, 2
591, 3173.0476740439485, Server_06, 3.0417973963282776, 751.7981150793535, 0.0, 3
592, 3177.224327239825, Server_06, 2.5526430912103453, 751.7981150793275, 0.0, 2
593, 3183.781938786217, Server_06, 3.0417973963282776, 751.7981150793535, 0.0, 3
594, 3187.9585919820934, Server_06, 2.5526430912103453, 751.7981150793275, 0.0, 2
595, 3192.13524517797, Server_06, 2.5526430912103453, 751.7981150793275, 0.0, 2
596, 3198.6928567243617, Server_06, 3.0417973963282776, 751.7981150793535, 0.0, 3
597, 3202.869509920238, Server_06, 2.5526430912103453, 751.7981150793275, 0.0, 2
598, 3207.0461631161147, Server_06, 2.5526430912103453, 751.7981150793275, 0.0, 2
599, 3213.6037746625066, Server_06, 3.0417973963282776, 751.7981150793535, 0.0, 3
600, 3217.780427858383, Server_06, 2.5526430912103453, 751.7981150793275, 0.0, 2
601, 3221.9570810542596, Server_06, 2.5526430912103453, 751.7981150793275, 0.0, 2
602, 3228.5146926006514, Server_06, 3.0417973963282776, 751.7981150793535, 0.0, 3
603, 3232.691345796528, Server_06, 2.5526430912103453, 751.7981150793275, 0.0, 2
604, 3236.8679989924044, Server_06, 2.5526430912103453, 751.7981150793275, 0.0, 2
605, 3243.4256105387963, Server_06, 3.0417973963282776, 751.7981150793535, 0.0, 3
606, 3247.6022637346728, Server_06, 2.5526430912103453, 751.7981150793275, 0.0, 2
607, 3251.7789169305493, Server_06, 2.5526430912103453, 751.7981150793275, 0.0, 2
608, 3258.336528476941, Server_06, 3.0417973963282776, 751.7981150793535, 0.0, 3
609, 3262.5131816728176, Server_06, 2.5526430912103453, 751.7981150793275, 0.0, 2
610, 3266.689834868694, Server_06, 2.5526430912103453, 751.7981150793275, 0.0, 2
611, 3273.247446415086, Server_06, 3.0417973963282776, 751.7981150793535, 0.0, 3
612, 3277.4240996109625, Server_06, 2.5526430912103453, 751.7981150793275, 0.0, 2
613, 3281.600752806839, Server_06, 2.5526430912103453, 751.7981150793275, 0.0, 2
614, 3288.158364353231, Server_06, 3.0417973963282776, 751.7981150793535, 0.0, 3
615, 3292.3350175491073, Server_06, 2.5526430912103453, 751.7981150793275, 0.0, 2
616, 3296.511670744984, Server_06, 2.5526430912103453, 751.7981150793275, 0.0, 2
617, 3303.0692822913757, Server_06, 3.0417973963282776, 751.7981150793535, 0.0, 3
618, 3307.245935487252, Server_06, 2.5526430912103453, 751.7981150793275, 0.0, 2
619, 3313.803547033644, Server_06, 3.0417973963282776, 751.7981150793535, 0.0, 3
620, 3317.9802002295205, Server_06, 2.5526430912103453, 751.7981150793275, 0.0, 2
621, 3322.156853425397, Server_06, 2.5526430912103453, 751.7981150793275, 0.0, 2
622, 3328.714464971789, Server_06, 3.0417973963282776, 751.7981150793535, 0.0, 3
623, 3332.8911181676654, Server_06, 2.5526430912103453, 751.7981150793275, 0.0, 2
624, 3337.067771363542, Server_06, 2.5526430912103453, 751.7981150793275, 0.0, 2
625, 3343.6253829099337, Server_06, 3.0417973963282776, 751.7981150793535, 0.0, 3
626, 3347.80203610581, Server_06, 2.5526430912103453, 751.7981150793275, 0.0, 2
627, 3351.9786893016867, Server_06, 2.5526430912103453, 751.7981150793275, 0.0, 2
628, 3358.5363008480786, Server_06, 3.0417973963282776, 751.7981150793535, 0.0, 3
629, 3362.7297265592465, Server_06, 2.5526430912103453, 748.7911355237652, 0.0, 2
630, 3366.9759906417207, Server_06, 2.5526430912103453, 739.4735558157689, 0.0, 2
631, 3373.6428957138855, Server_06, 3.0417973963282776, 739.4735558157844, 0.0, 3
632, 3377.8891597963598, Server_06, 2.5526430912103453, 739.4735558157689, 0.0, 2
633, 3382.135423878834, Server_06, 2.5526430912103453, 739.4735558157689, 0.0, 2
634, 3388.802328950999, Server_06, 3.0417973963282776, 739.4735558157844, 0.0, 3
635, 3393.048593033473, Server_06, 2.5526430912103453, 739.4735558157689, 0.0, 2
636, 3397.2948571159473, Server_06, 2.5526430912103453, 739.4735558157689, 0.0, 2
637, 3401.5411211984215, Server_06, 2.5526430912103453, 739.4735558157689, 0.0, 2
638, 3408.2080262705863, Server_06, 3.0417973963282776, 739.4735558157844, 0.0, 3
639, 3412.4542903530605, Server_06, 2.5526430912103453, 739.4735558157689, 0.0, 2
640, 3416.7005544355347, Server_06, 2.5526430912103453, 739.4735558157689, 0.0, 2
641, 3423.3674595076996, Server_06, 3.0417973963282776, 739.4735558157844, 0.0, 3
642, 3427.613723590174, Server_06, 2.5526430912103453, 739.4735558157689, 0.0, 2
643, 3431.859987672648, Server_06, 2.5526430912103453, 739.4735558157689, 0.0, 2
644, 3438.526892744813, Server_06, 3.0417973963282776, 739.4735558157844, 0.0, 3
645, 3442.773156827287, Server_06, 2.5526430912103453, 739.4735558157689, 0.0, 2
646, 3447.0194209097613, Server_06, 2.5526430912103453, 739.4735558157689, 0.0, 2
647, 3453.686325981926, Server_06, 3.0417973963282776, 739.4735558157844, 0.0, 3
648, 3457.9325900644003, Server_06, 2.5526430912103453, 739.4735558157689, 0.0, 2
649, 3462.1788541468745, Server_06, 2.5526430912103453, 739.4735558157689, 0.0, 2
650, 3468.9287248446017, Server_06, 3.0417973963282776, 730.3843615345189, 0.0, 3
651, 3473.2445998136736, Server_06, 2.5526430912103453, 727.5465629800659, 0.0, 2
652, 3477.5604747827456, Server_06, 2.5526430912103453, 727.5465629800659, 0.0, 2
653, 3481.8763497518175, Server_06, 2.5526430912103453, 727.5465629800659, 0.0, 2
654, 3488.6525483497558, Server_06, 3.0417973963282776, 727.5465629800227, 0.0, 3
655, 3492.9684233188277, Server_06, 2.5526430912103453, 727.5465629800659, 0.0, 2
656, 3497.2842982878997, Server_06, 2.5526430912103453, 727.5465629800659, 0.0, 2
657, 3501.6001732569716, Server_06, 2.5526430912103453, 727.5465629800659, 0.0, 2
658, 3508.37637185491, Server_06, 3.0417973963282776, 727.5465629800227, 0.0, 3
659, 3512.692246823982, Server_06, 2.5526430912103453, 727.5465629800659, 0.0, 2
660, 3517.0081217930538, Server_06, 2.5526430912103453, 727.5465629800659, 0.0, 2
661, 3523.784320390992, Server_06, 3.0417973963282776, 727.5465629800227, 0.0, 3
662, 3528.100195360064, Server_06, 2.5526430912103453, 727.5465629800659, 0.0, 2
663, 3532.416070329136, Server_06, 2.5526430912103453, 727.5465629800659, 0.0, 2
664, 3536.731945298208, Server_06, 2.5526430912103453, 727.5465629800659, 0.0, 2
665, 3543.508143896146, Server_06, 3.0417973963282776, 727.5465629800227, 0.0, 3
666, 3547.824018865218, Server_06, 2.5526430912103453, 727.5465629800659, 0.0, 2
667, 3552.13989383429, Server_06, 2.5526430912103453, 727.5465629800659, 0.0, 2
668, 3558.916092432228, Server_06, 3.0417973963282776, 727.5465629800227, 0.0, 3
669, 3563.2319674013, Server_06, 2.5526430912103453, 727.5465629800659, 0.0, 2
670, 3567.547842370372, Server_06, 2.5526430912103453, 727.5465629800659, 0.0, 2
671, 3571.863717339444, Server_06, 2.5526430912103453, 727.5465629800659, 0.0, 2
672, 3578.6399159373823, Server_06, 3.0417973963282776, 727.5465629800227, 0.0, 3
673, 3582.908742249054, Server_06, 2.5526430912103453, 735.5651813274335, 0.0, 2
674, 3586.934403682771, Server_06, 2.5526430912103453, 779.9960457927962, 0.0, 2
675, 3592.603514914246, Server_06, 3.0417973963282776, 869.6248492407029, 0.0, 3
676, 3595.8104745933238, Server_06, 2.5526430912103453, 979.1205110825696, 0.0, 2
677, 3600.5165724839912, Server_06, 3.0417973963282776, 1047.577019121624, 0.0, 3
678, 3607.8996494324447, Server_06, 3.531593941666367, 1049.0206256921617, 0.0, 4
679, 3612.5767088094412, Server_06, 3.0417973963282776, 1054.0811229054486, 0.0, 3
680, 3617.1670368919154, Server_06, 3.0417973963282776, 1073.9973072562618, 0.0, 3
681, 3624.229009932838, Server_06, 3.531593941666367, 1096.718998376154, 0.0, 4
682, 3628.6404751198475, Server_06, 3.0417973963282776, 1117.5425376850774, 0.0, 3
683, 3633.012216150775, Server_06, 3.0417973963282776, 1127.6971726190693, 0.0, 3
684, 3637.355165578646, Server_06, 3.0417973963282776, 1135.1732461727247, 0.0, 3
685, 3641.5875705735148, Server_06, 3.0417973963282776, 1164.8223660015763, 0.0, 3
686, 3648.1121502023807, Server_06, 3.531593941666367, 1187.0496553884816, 0.0, 4
687, 3652.265304181762, Server_06, 3.0417973963282776, 1187.0496553884875, 0.0, 3
688, 3658.789883810628, Server_06, 3.531593941666367, 1187.0496553884816, 0.0, 4
689, 3662.9430377900094, Server_06, 3.0417973963282776, 1187.0496553884875, 0.0, 3
690, 3667.0961917693908, Server_06, 3.0417973963282776, 1187.0496553884875, 0.0, 3
691, 3673.6207713982567, Server_06, 3.531593941666367, 1187.0496553884816, 0.0, 4
692, 3677.710522719502, Server_06, 3.0417973963282776, 1205.452266593758, 0.0, 3
693, 3681.645089647337, Server_06, 3.0417973963282776, 1252.996858465618, 0.0, 3
694, 3687.826270348368, Server_06, 3.531593941666367, 1252.9968584656292, 0.0, 4
695, 3691.760837276203, Server_06, 3.0417973963282776, 1252.996858465618, 0.0, 3
696, 3697.8673647922597, Server_06, 3.531593941666367, 1268.314926877014, 0.0, 4
697, 3701.6926381943217, Server_06, 3.0417973963282776, 1288.796768707412, 0.0, 3
698, 3707.702119431435, Server_06, 3.531593941666367, 1288.7967687074608, 0.0, 4
699, 3711.5273928334973, Server_06, 3.0417973963282776, 1288.796768707412, 0.0, 3
700, 3717.536874070611, Server_06, 3.531593941666367, 1288.7967687074608, 0.0, 4
701, 3721.362147472673, Server_06, 3.0417973963282776, 1288.796768707412, 0.0, 3
702, 3727.1122417815745, Server_06, 3.531593941666367, 1346.934429929266, 0.0, 4
703, 3732.778324090853, Server_06, 3.531593941666367, 1366.9056637806498, 0.0, 4
704, 3736.385010441368, Server_06, 3.0417973963282776, 1366.905663780746, 0.0, 3
705, 3742.0510927506466, Server_06, 3.531593941666367, 1366.9056637806498, 0.0, 4
706, 3747.717175059925, Server_06, 3.531593941666367, 1366.9056637806498, 0.0, 4
707, 3751.3238614104403, Server_06, 3.0417973963282776, 1366.905663780746, 0.0, 3
708, 3756.9899437197187, Server_06, 3.531593941666367, 1366.9056637806498, 0.0, 4
709, 3762.5264157411025, Server_06, 3.531593941666367, 1398.9052902436908, 0.0, 4
710, 3765.9757533978936, Server_06, 3.0417973963282776, 1429.2599016201473, 0.0, 3
711, 3771.298436779337, Server_06, 3.531593941666367, 1455.093125960058, 0.0, 4
712, 3776.6211201607803, Server_06, 3.531593941666367, 1455.093125960058, 0.0, 4
713, 3781.9438035422236, Server_06, 3.531593941666367, 1455.093125960058, 0.0, 4
714, 3787.106352679979, Server_06, 3.531593941666367, 1500.2278512679582, 0.0, 4
715, 3792.085637133587, Server_06, 3.531593941666367, 1555.4443760262825, 0.0, 4
716, 3799.9065532572986, Server_06, 4.0211812311925765, 1555.4443760262582, 0.0, 5
717, 3804.885837710907, Server_06, 3.531593941666367, 1555.4443760262825, 0.0, 4
718, 3809.7885286907876, Server_06, 3.531593941666367, 1579.7446813970387, 0.0, 4
719, 3814.5961136804785, Server_06, 3.531593941666367, 1610.9959608842958, 0.0, 4
